case,status,lower_fs,upper_fs,gap,seconds,evidence,procedure
P01A,NOT_RUN,,,,,,TEST_PROCEDURES.md
P01N,NOT_RUN,,,,,,TEST_PROCEDURES.md
P02A,NOT_RUN,,,,,,TEST_PROCEDURES.md
P02N,NOT_RUN,,,,,,TEST_PROCEDURES.md
P03A,NOT_RUN,,,,,,TEST_PROCEDURES.md
P03N,NOT_RUN,,,,,,TEST_PROCEDURES.md
P04A,NOT_RUN,,,,,,TEST_PROCEDURES.md
P04N,NOT_RUN,,,,,,TEST_PROCEDURES.md
P05A,NOT_RUN,,,,,,TEST_PROCEDURES.md
P05N,NOT_RUN,,,,,,TEST_PROCEDURES.md
P06A,NOT_RUN,,,,,,TEST_PROCEDURES.md
P06N,NOT_RUN,,,,,,TEST_PROCEDURES.md
P07A,NOT_RUN,,,,,,TEST_PROCEDURES.md
P07N,NOT_RUN,,,,,,TEST_PROCEDURES.md
P08A,NOT_RUN,,,,,,TEST_PROCEDURES.md
P09A,NOT_RUN,,,,,,TEST_PROCEDURES.md
P10A,NOT_RUN,,,,,,TEST_PROCEDURES.md
D01A,NOT_RUN,,,,,,TEST_PROCEDURES.md
D02A,NOT_RUN,,,,,,TEST_PROCEDURES.md
D03N,NOT_RUN,,,,,,TEST_PROCEDURES.md
D04A,NOT_RUN,,,,,,TEST_PROCEDURES.md
D05A,NOT_RUN,,,,,,TEST_PROCEDURES.md
D06A,NOT_RUN,,,,,,TEST_PROCEDURES.md
D07A,NOT_RUN,,,,,,TEST_PROCEDURES.md
D09A,NOT_RUN,,,,,,TEST_PROCEDURES.md
