fixed,1,97
"0:6",0,6
"6:7",6,7
"7:8",7,8
"8:9",8,9
"9:10",9,10
"10:11",10,11
"11:12",11,12
"12:13",12,13
"13:14",13,14
"14:15",14,15
"15:16",15,16
"16:17",16,17
"17:18",17,18
"18:19",18,19
"19:20",19,20
"20:21",20,21
"21:22",21,22
"22:23",22,23
"23:24",23,24
"24:25",24,25
"25:26",25,26
"26:27",26,27
"27:28",27,28
"28:29",28,29
"29:30",29,30
"30:31",30,31
"31:32",31,32
"32:33",32,33
"1:33",33,1
"1:34",1,34
"34:35",34,35
"35:36",35,36
"36:37",36,37
"2:37",37,2
"2:38",2,38
"38:39",38,39
"39:40",39,40
"40:41",40,41
"41:42",41,42
"42:43",42,43
"43:44",43,44
"44:45",44,45
"60:61",60,61
"61:62",61,62
"62:63",62,63
"63:64",63,64
"64:65",64,65
"65:66",65,66
"66:67",66,67
"5:67",67,5
"5:68",5,68
"68:69",68,69
"69:70",69,70
"70:71",70,71
"71:72",71,72
"72:73",72,73
"73:74",73,74
"74:75",74,75
"75:76",75,76
"76:77",76,77
"77:78",77,78
"78:79",78,79
"0:79",79,0
"59:386",59,386
"4:386",386,4
"56:389",56,389
"57:389",389,57
"58:392",58,392
"59:392",392,59
"57:396",57,396
"58:396",396,58
"54:399",54,399
"55:399",399,55
"50:406",50,406
"51:406",406,51
"52:412",52,412
"53:412",412,53
"53:415",53,415
"54:415",415,54
"55:418",55,418
"56:418",418,56
"48:423",48,423
"49:423",423,49
"51:429",51,429
"52:429",429,52
"49:436",49,436
"50:436",436,50
"47:442",47,442
"48:442",442,48
"46:448",46,448
"47:448",448,47
"3:475",3,475
"46:475",475,46
"45:481",45,481
"3:481",481,3
"4:517",4,517
"60:517",517,60
